http://www.danantopolski.com/images/gallery/large/dan_antopolski5.jpg
http://www.tvbomb.co.uk/wp/wp-content/uploads/2010/08/dan-antopolski-turn-of-the-century_18946.jpg
http://www.eventim.co.uk/obj/media/UK-eventim/galery/222x222/d/dan-antopolski-tickets.jpg
http://www.allgigs.co.uk/images/object/artist/55485/Dan_Antopolski-1-200-200-100-crop.jpg
https://therealchrisparkle.files.wordpress.com/2011/03/dantoposkied09.jpg
http://img.thesun.co.uk/aidemitlum/archive/00873/SNN2418DA-280_873075a.jpg
http://sharetv.org/images/person/dan_antopolski.jpg
http://www.magweb.com/picts/nm1163083.jpg
http://www.universalgenius.co.uk/sites/default/files/styles/show-contestent/public/mugshots/danantopolski2.jpeg?itok=p4y-bO9U
http://www.cheshamcomedy.com/img/shows/2009/antopolski.jpg
http://news.bbcimg.co.uk/media/images/48450000/jpg/_48450408_001452355-1.jpg
http://static.krugercowne.com/list-view/dan_antopolski.jpg
http://m.c.lnkd.licdn.com/mpr/pub/image-6wzyKOGe_tEUmEj9KzdOfu-kvpMGWpKB69wZ4TbovkNGhNv66wzZ_hfevZ9YhkSITs2p/dan-antopolski.jpg
http://www.thedailydust.co.uk/wp-content/uploads/2009/08/image19.png
http://www.thetimes.co.uk/tto/multimedia/archive/00051/Dan-Antopolski-LANDS_51060b.jpg
http://www.killforaseat.com/wp-content/uploads/brendan_burns-150x139.jpg
http://betawebsite.theatre503.com/site_media/events/Dan_Antopolski_details.jpg
http://blog.comedycentral.co.uk/wp-content/uploads/2011/03/blog-dan-a.jpg
http://www.jasonrmoffat.com/assets/images/doritos-banner-001.jpg
http://www.universalgenius.co.uk/sites/default/files/styles/show-contestent/public/mugshots/Robin-Ince-300x300.jpeg?itok=Kj4oNyxM
http://farm5.static.flickr.com/4033/5080763923_6eca5d3585.jpg
http://static.guim.co.uk/sys-images/Guardian/Pix/pictures/2009/11/19/1258631829635/Bob-Monkhouse-left-and-Da-001.jpg
http://3.bp.blogspot.com/_k9YRGIDlJZw/SeTe3AbENWI/AAAAAAAAAjg/WkOSN2q8iXs/s320/robrous.jpg
http://media.ents24network.com/image/000/128/496/509de0a0d715e3308b6df124004669add9b22a08.jpg
http://backyardbar.co.uk/wp-content/uploads/2013/12/alex-love1.jpeg
http://j.static-locatetv.com/images/person/84/178453_nick_frost.jpg
http://sohotheatre.com/files/images/applicationfiles/464.8437.Shappi.jpg/320x320.fitandcrop.jpg
http://www.karlsweb.com/karlswebbehindthescenes/images/ULP_Images/AlienFranFran.jpg
http://image.guardian.co.uk/sys-images/Guardian/Pix/gallery/2001/08/22/byrne1.jpg
http://www.comedycv.co.uk/jamescostello/james-costello-2007-february.jpg
http://2.bp.blogspot.com/_k9YRGIDlJZw/SrZiiMV517I/AAAAAAAABdw/jyOHyZuLa1I/s400/andrewmaxwell.jpg
http://www.comedycv.co.uk/darshansanghrajka/darshan-sanghrajka-2013-june.jpg
http://news.bbcimg.co.uk/media/images/48843000/jpg/_48843149_nicholas_parson.jpg
http://blog.workingwordpr.com/wp-content/uploads/keith-chegwin.jpg
http://www.comedy.co.uk/images/library/comedies/180x200/o/out_to_lunch.jpg
http://tafc.co.uk/photos/tafc-bloom.jpg
http://photos.geni.com/p12/70/b0/3f/cf/5344483863bd28de/bis99kat_t.jpg
http://www.comedycv.co.uk/paulrose/paul-rose-2004-september.jpg
http://www.comedycv.co.uk/johnrobins/john-robins-2007-june.jpg
http://www.comedycv.co.uk/davidcrowe/2002-sept-david-crowe2.jpg
http://tobaccofactorytheatre.com/images/sized/images/extra_show/TomAllen_1-480x361.jpg
http://www.comedycv.co.uk/jonlevene/jon-levene-2006-january.jpg
http://www.comedycv.co.uk/richardholmes/richard-holmes-2005-april.jpg
http://files.list.co.uk/images/2011/08/04/www-thestand-co-uk-richard-herring-hi-res1.jpg
http://www.allgigs.co.uk/images/object/artist/52481/Lee_Mack-1-200-200-100-crop.jpg
http://image.tmdb.org/t/p/original/izO9fyvkLqFmF8vLB2pXt49PrWN.jpg
http://www.thejc.com/files/imagecache/body_taxonomy2/mel-brooks_0.jpg
http://thebalhamcomedyfestival.com/legends_files/stacks_image_607.jpg
http://www.aceuk.com/images/resize/5738/479/271/
http://www.aceuk.com/images/resize/5490/479/271/
