http://www.fanphobia.net/uploads/actors/23970/Daniel-M.-Tani-Wallpaper.jpg
http://www.fanphobia.net/uploads/actors/23970/100x100_Daniel-M.-Tani-Wallpaper.jpg
http://www.nasa.gov/externalflash/the_shuttle/photos/304_tani.jpg
http://www.spaceacts.com/STARSHIP/seh/tani.gif
http://claudelafleur.qc.ca/images/tani-thumbnail.jpg
http://www.capcomespace.net/dossiers/espace_US/shuttle/annexes/annexe2%20tani.jpg
http://rmhawaii.com/rushmoore/wp-content/uploads/2013/08/tani_jason.png
http://m.c.lnkd.licdn.com/mpr/pub/image-J_sRvfCa2Zv3MKnQLXb1ePNUhgm-6jMIyTGooTdah3jG6wSIJ_soVgLahtLcySnQOqxf/tani-m.jpg
http://static.pharmacistben.com/wp-content/uploads/userphoto/1.thumbnail.jpg
http://veganismisnonviolence.files.wordpress.com/2013/07/daniel.jpg
http://m1.tnonline.com.br/large/original/2014/12/10/tn_60bb52c671_gretchen-thammy.jpg
http://m.c.lnkd.licdn.com/mpr/mpr/shrink_100_100/p/4/000/166/07f/13ef235.jpg
https://fbcdn-profile-a.akamaihd.net/hprofile-ak-xfa1/t1.0-1/p160x160/10298765_10151997657071765_7774132427578790198_n.jpg
http://rmhawaii.com/rushmoore/wp-content/uploads/2013/08/chen_daniel.png
http://www.nasa.gov/images/content/153295main_melroy_tn.jpg
http://rmhawaii.com/rushmoore/wp-content/uploads/2013/08/chinen_tracy.png
http://images13.fotosik.pl/100/b8e98d5c41ec1f6a.jpg
http://upload.wikimedia.org/wikipedia/commons/thumb/c/ce/Duane_Carey.jpg/200px-Duane_Carey.jpg
https://lh4.googleusercontent.com/-GoQbmBWuL-k/AAAAAAAAAAI/AAAAAAAAAAA/1D_dK3_RkLc/s46-c-k-no/photo.jpg
http://www.capcomespace.net/dossiers/espace_US/shuttle/annexes/annexe2%20stefanyshyn.jpg
http://f3.fsm.wikidi.com/af/aa/mr/54af9b38ea51c14818f84243570b8dd8be36bf8d.jpg
http://www.capcomespace.net/dossiers/espace_US/shuttle/annexes/annexe2%20walheim.jpg
http://img1.liveinternet.ru/images/attach/c/0/43/272/43272478_gorie_dominic.jpg
http://m.c.lnkd.licdn.com/mpr/mpr/shrink_60_60/p/4/005/02e/0b4/1321bbb.jpg
http://www.revistaxenite.com/rxfiles/dani_filth%20ui.jpg
http://www.jsc.nasa.gov/Bios/portraits/carey.jpg
http://www.capcomespace.net/dossiers/espace_US/shuttle/annexes/annexe2%20richard%20p.jpg
http://www.capcomespace.net/dossiers/espace_US/shuttle/annexes/annexe2%20pettit.jpg
https://lh5.googleusercontent.com/-gGgvMyeU2Ak/UmffVQ00i_I/AAAAAAAAAIU/5bPAKAfsr2A/w426-h568/13%2B-%2B1
http://www.capcomespace.net/dossiers/espace_US/shuttle/annexes/annexe2%20williamj.jpg
http://i.ytimg.com/vi/_O_5xbzKpt8/hqdefault.jpg
http://rmhawaii.com/rushmoore/wp-content/uploads/2013/08/tius_susan.png
http://www.capcomespace.net/dossiers/espace_US/shuttle/annexes/annexe2%20sellers.jpg
https://media.licdn.com/mpr/mpr/shrink_100_100/p/6/005/088/070/17fa106.jpg
http://scrapetv.com/News/News%20Pages/Everyone%20Else/images-11/terry-jones-monty-python.jpg
http://www.guidrynews.com/10209Patton3.jpg
http://images-thumbs.thefullwiki.org/S/a/n/Sandra_Magnus.png
http://post-journal.com/photos/news/md/663248_1.jpg
http://www.capcomespace.net/dossiers/espace_US/shuttle/annexes/annexe2%20whitson.jpg
https://media.licdn.com/mpr/mpr/shrink_60_60/p/8/005/01d/1a3/1516bfb.jpg
http://www.jsc.nasa.gov/Bios/portraits/schlegel-thumbnail.jpg
http://images-thumbs.thefullwiki.org/P/e/g/Peggy_Whitson.png
http://www.capcomespace.net/dossiers/espace_US/shuttle/annexes/annexe2%20wilson.jpg
http://images.ak.instagram.com/profiles/profile_272301621_75sq_1379672778.jpg
http://rmhawaii.com/rushmoore/wp-content/uploads/2013/08/harris_reginauld.png
http://www.jsc.nasa.gov/Bios/PS/photo/trinh.gif
http://rmhawaii.com/rushmoore/wp-content/uploads/2013/08/strandtman_lisa.png
http://2.bp.blogspot.com/-sBgVlrZT3do/T1k6iZlUXiI/AAAAAAAAC6Q/Kj1XRvS_EQA/s1600/3b44227r.jpg
http://rmhawaii.com/rushmoore/wp-content/uploads/2013/08/higa_nathaniel.png
http://rmhawaii.com/rushmoore/wp-content/uploads/2013/08/beh_walter.png
