http://upload.wikimedia.org/wikipedia/en/thumb/f/f1/Larry_Ashmead.jpg/220px-Larry_Ashmead.jpg
http://www.namespedia.com/image/Ashmead_1.jpg
http://graphics8.nytimes.com/images/2010/09/05/nyregion/obit-ASHMEAD/obit-ASHMEAD-articleInline.jpg
http://1.bp.blogspot.com/_RaOrchOImw8/TNoQ3jyqcpI/AAAAAAAAoQw/VfgboIgCUwE/s1600/Larry++Ashmead.jpg
http://lifeinlegacy.com/2010/0904/TotahLarry.jpg
http://lifeinlegacy.com/2010/0904/PineSeymour.jpg
http://lifeinlegacy.com/2010/0904/OrsattiKen.jpg
http://hd.housedivided.dickinson.edu/files/images/HD_biddleCjc.thumbnail.jpg
http://graphics8.nytimes.com/images/2010/09/05/nyregion/obit-ASHMEAD/obit-ASHMEAD-thumbStandard.jpg
http://2.bp.blogspot.com/_HBtBX7pNcrQ/TVB9JP6AUiI/AAAAAAAAAiQ/_xox1Nsgk6w/s1600/asimov.jpg
https://lh3.googleusercontent.com/-js4k_psG7Ls/AAAAAAAAAAI/AAAAAAAAAAA/c7heMxEurzA/s46-c-k-no/photo.jpg
http://www.delcohistory.org/radnor/photos/e_peace_b.jpg
http://hd.housedivided.dickinson.edu/files/images/HD_ashmeadJc.thumbnail.jpg
http://lifeinlegacy.com/2010/0904/RubioMario.jpg
http://www.delcohistory.org/thornbury/photos/g_thatcher_b.jpg
http://lifeinlegacy.com/2010/0904/MerrillPatrick.jpg
http://lifeinlegacy.com/2010/0904/VaralloFrancisco.jpg
http://media.mugshotsonline.com/sh_mugshots/111190271.jpg
http://www.delcohistory.org/upper_prov/photos/j_m_hunter_b.jpg
http://www1.pictures.zimbio.com/gp/Aaron+Ashmore+Martha+MacIsaac+rumored+jMJaCAhGc74l.jpg
http://lifeinlegacy.com/2010/0904/BurnMicky.jpg
http://lifeinlegacy.com/2010/0904/FignonLaurent.jpg
http://hd.housedivided.dickinson.edu/files/images/HD_campbellJ2c.thumbnail.jpg
http://lifeinlegacy.com/2010/0904/KoffGail.jpg
http://upload.wikimedia.org/wikipedia/commons/thumb/9/99/Spencer_Fullerton_Baird.jpg/150px-Spencer_Fullerton_Baird.jpg
http://lifeinlegacy.com/2010/0904/NearneEileen.jpg
http://lifeinlegacy.com/2010/0904/SchimmelRobert.jpg
http://lifeinlegacy.com/2010/0904/GoldschmidtWalter.jpg
http://lifeinlegacy.com/2010/0904/LohJules.jpg
http://lifeinlegacy.com/2010/0904/BourjailyVance.jpg
http://lifeinlegacy.com/2010/0904/LallyMick.jpg
http://lifeinlegacy.com/2010/0904/BronowskiRita.jpg
http://hd.housedivided.dickinson.edu/files/images/HD_boswellJIc.thumbnail.jpg
http://lifeinlegacy.com/2010/0904/ArumJohn.jpg
http://lifeinlegacy.com/2010/0904/CorneauAlain.jpg
http://hd.housedivided.dickinson.edu/files/images/HD_boswellWL1c.thumbnail.jpg
http://images.pitchero.com/ui/16177/sm_1346677741_0.jpg
http://wetherillfamily.com/100_4333.JPG
http://wetherillfamily.com/100_4333_small.JPG
http://www.classicapologetics.com/b/barnesapic.jpg
