http://www.icelebsdb.com/CelebImages/6/56635/Images/Image_6.jpg
http://www.icelebsdb.com/CelebImages/6/56635/Images/Image_4.jpg
http://www.icelebsdb.com/CelebImages/6/56635/Images/Image_0.jpg
http://www.karinaworld.com/WideSargassoSea1.jpg
http://www.males.ws/nude-naked/db/kevin_whately/kevin_whately.jpg
http://www.icelebsdb.com/CelebImages/6/56635/Images/Image_0_Tn.jpg
http://www.neobe.ws/db/kevin_bacon/kevin_bacon.jpg
http://www.bidbay.ws/malestars/db/kevin_richardson/kevin_richardson.jpg
http://males.ws/nude-naked/db/kevin_richardson/kevin_richardson.jpg
http://bidbay.ws/malestars/db/kevin_costner/kevin_costner.jpg
http://media-cache-ak0.pinimg.com/736x/44/c4/6f/44c46f3240cf2e317b1df5e08c778416.jpg
http://www1.pictures.zimbio.com/fp/Soul+Surfer+Los+Angeles+Premiere+Arrivals+AX03JzBfQqYc.jpg
http://celebsnetworth.net/wp-content/uploads/thumbs2/judge-mathis-net-worth_thumb.jpg
http://lh5.ggpht.com/-pRgKzSEehjQ/R09jWZcovII/AAAAAAAAAOY/vLAPhulf7uE/s128/NoreneRod.jpg
http://media-cache-ak0.pinimg.com/736x/65/cf/e0/65cfe0283b64f1f9b953f699777b318d.jpg
http://www.males.ws/nude-naked/db/kiefer_sutherland/kiefer_sutherland.jpg
http://www.oschti.ch/Stargate-Atlantis/66/Serie-tn/Z-Kevin-McNulty-Chancellor-Lycus-Stargate-Atlantis.jpg
https://fbcdn-profile-a.akamaihd.net/hprofile-ak-xfa1/t1.0-1/c12.12.155.155/1901410_10152633318284689_1373323659_n.jpg
http://intoxreport.files.wordpress.com/2011/11/me_oyster_fest.jpg
http://www.males.ws/nude-naked/db/kelly_slater/kelly_slater.jpg
http://www.cinemotions.com/data/artistes/00/0008/999/1/h200/wings_hauser_1.jpg
http://api.ning.com/files/kLU5VsI0JJhKBlxHg3IXZWXeXPJW613x2ZjQ4digkczcMKgEitboBWXYr3PtfMTMNfD754oU2zl18aIgR7N1*Szw9oiU-Ffj/PICT0009.jpg
http://www.oschti.ch/Dr-House-House-MD/70/Serie-tn/Kal_Penn_als_Dr_Lawrence_Kutner.jpg
http://www.oschti.ch/Kung-Fu/17/Serie-tn/Z-Keye-Luke-Master-Po-Kung-Fu.jpg
http://www.oschti.ch/Stargate-SG-1/49/Serie-tn/Z-Anne-Marie-DeLuise-Farrell-Stargate-SG-1.jpg
http://serienfans.tv/uploads/darsteller/694.jpg
http://www.oschti.ch/Das-Ding-aus-einer-anderen-Welt-The-Thing/47/Film-tn/008-Kurt-Russell-R-J-MacReady-John-Carpenter-The-Thing-Das-Ding.jpg
http://www.oschti.ch/Das-Ding-aus-einer-anderen-Welt-The-Thing/47/Film-tn/013-Keith-David-Childs-John-Carpenter-The-Thing-Das-Ding.jpg
http://www.changinghandsfilm.com/kaylee.jpg
http://images.ctv.ca/archives/CTVNews/img2/200505/160_homolka_050530.jpg
http://www.changinghandsfilm.com/Rommel.jpg
http://www.foodservicefootprint.com/wp-content/uploads/2013/07/Ian-Goldsmith.jpg
http://www.changinghandsfilm.com/scott%20mac.jpg
http://www.changinghandsfilm.com/Jim%20Kelly.jpg
http://www.changinghandsfilm.com/Gene.jpg
http://www.changinghandsfilm.com/bkesten.jpg
http://serienfans.tv/uploads/darsteller/1445.jpg
http://o.aolcdn.com/dims/TELE/5/272/362/75/http://images.zap2it.com/programs/184228/p184228_b_v3_aa.jpg
http://www.oschti.ch/Lost/69/Serie-tn/43-Ken-Leung-Miles-Straume-Lost.jpg
http://www.changinghandsfilm.com/eddie.jpg
http://www.changinghandsfilm.com/Tony%20Longo.jpg
http://www.males.ws/nude-naked/db/kevin_costner/kevin_costner.jpg
http://www.oschti.ch/Heroes/77/Serie-tn/163-Kristen-Bell-Elle-Bishop-Heroes.jpg
http://www.changinghandsfilm.com/holt%20boggs.jpg
http://www.oschti.ch/Dexter/92/Serie-tn/A-202-Keith-Carradine-Special-Agent-Frank-Lundy-Dexter.jpg
http://serienfans.tv/uploads/darsteller/2061.jpg
http://2.bp.blogspot.com/-WFjQTuXsfPc/TrTdOrFRxLI/AAAAAAAACjQ/r0iYd9RpQzk/s230/imagesCAJCDI1G.jpg
http://1.bp.blogspot.com/-KNGB_M79ri4/TrTdUp1wjyI/AAAAAAAACjc/NTVLNeqgDcM/s230/imagesCAMRZXGI.jpg
http://3.bp.blogspot.com/-1vaqcI9QTfg/TrTeJk_uMwI/AAAAAAAACkw/Z8Qz9ik8FYk/s230/imagesCAXXQW8K.jpg
http://4.bp.blogspot.com/-aFfJwjOAY94/T33jCRhDIyI/AAAAAAAAEVo/tz0luFFoQow/s300/imagesCAF3N2TT.jpg
