http://andrewsandpygott.files.wordpress.com/2011/01/montague_150_150x180.jpg?w=500
http://bradfordjewish.org.uk/wp-content/uploads/2013/04/montague-burton.jpg
http://i.telegraph.co.uk/multimedia/archive/01830/burton_1830457b.jpg
http://www.movinghere.org.uk/galleries/histories/jewish/images/0004.jpg
http://www.informedinvestor.ic24.net/Londonjewish/MontagueBurton.jpg
http://www.yorkshirepost.co.uk/webimage/1.3097485.1298104695!/image/956766248.jpg
http://www.on-magazine.co.uk/wp-content/uploads/burton-1.gif
http://images.npg.org.uk/264_325/8/2/mw100082.jpg
http://media-cache-ec0.pinimg.com/736x/8c/f4/15/8cf4150bd0d60bf85074e964e15cbc97.jpg
http://www.bbc.co.uk/staticarchive/685a55a625d942a77bbee389ed26ff1b11ac4d4b.jpg
http://media-cache-ak0.pinimg.com/236x/88/0c/3d/880c3dcc2da0a05aeab8615aaa96beec.jpg
http://www.britac.ac.uk/cmsfiles/assets/10566.jpg
http://l2.alamy.com/thumbs/4/{32CF9B9D-AEAD-4EB4-8ABA-D810B26DA539}/DWXMJ5.jpg
http://blogs.lse.ac.uk/internationalrelations/files/2011/05/buzan.jpg
http://clothesmakethemandotcom.files.wordpress.com/2012/02/jonathan-lovett-iamge1.jpg
http://bryantenglish9.pbworks.com/f/headtoes.jpg
http://business.leeds.ac.uk/fileadmin/public/_processed_/csm_Mark_Stuart_270x300_3e09447046.jpg
http://www.kcl.ac.uk/CachedImage.axd?ImageName=%2fImportedImages%2fSchools%2fSSPP%2fWarstudies%2fWarStudies%2fevents%2fneumann.jpg&ImageWidth=224&ImageHeight=135
http://oxpo.politics.ox.ac.uk/img/people/AHurrell.jpg
http://www.usna.com/NC/History/ClassOf1940/images/BurtonHanson.jpg
http://www.jewishmuseum.org.uk/public_scripts/resizer.php?file=../domains/jewishmuseum.org.uk/local/media/images/medium/RBCROP.jpg&preset=default&outputdirectory=../domains/jewishmuseum.org.uk/local/media/cache
http://shiawasseebar.com/2010images/brown.jpg
http://m.c.lnkd.licdn.com/mpr/mpr/shrink_60_60/p/4/000/169/0ac/25a6867.jpg
http://ak-cache.legacy.net/legacy/images/Cobrands/flint/Photos/photo_20141206_WM0024631_0_frost_teresa_20141206.jpg
http://www.ice.cam.ac.uk/institute-media/images/madingleylectures/william-brown.jpg
http://www.sant.ox.ac.uk/sites/default/files/andrew_hurrell.jpg
https://lh4.googleusercontent.com/-ngqOnBEHROI/AAAAAAAAAAI/AAAAAAAAAMY/biuyyKDRfoY/photo.jpg
https://www.haltonhealthcare.on.ca/site_Files/Content/img/board/RobBurton.jpg
http://farm4.staticflickr.com/3236/2782758730_f939ded994_z.jpg
http://brightonlite.files.wordpress.com/2011/12/hannah-brackenbury1.jpg
http://media.nj.com/entertainment_impact_music/photo/11585666-large.jpg
http://www.thegryphon.co.uk/wp-content/uploads/2014/10/Jones11-770x480.jpg
http://angelmontaguesayers.co.uk/blog/wp-content/uploads/2014/03/beyonce-birthday-hair-5.jpg
http://rack.3.mshcdn.com/media/ZgkyMDEyLzEyLzA0L2EwL3RpbWJ1cnRvbnRhLmJQUS5qcGcKcAl0aHVtYgk5NTB4NTM0IwplCWpwZw/d7ab623b/ca3/tim-burton-talks-alice-in-wonderland-live-on-myspace-tonight-video--01d64c511b.jpg
http://m.c.lnkd.licdn.com/mpr/pub/image-gnrLEMlE_ZuvB2rFNCKZojQ5vqDuvEFwWdxOxwNEvhqjZNLDgnrO5ipEvtVVZpRGSnGD/tess-montague.jpg
http://m.c.lnkd.licdn.com/mpr/pub/image-fcWvoE-MU4C0NlC0pS-KE0G_WNjPdixZrYqHEChKWUEMW1c_fcWHZnuMWmY5gFPLZlPj/joe-montague.jpg
http://morgenbladet.no/sites/default/files/imagecache/artikkel_hovedbilde/10SAMiver_neumann02_3123.JPG
http://farm8.staticflickr.com/7044/7023532539_cbc723196a_z.jpg
http://upload.wikimedia.org/wikipedia/commons/thumb/d/d6/Professor_Susan_Strange%2C_c1980.jpg/220px-Professor_Susan_Strange%2C_c1980.jpg
http://1.gravatar.com/avatar/15a19a1d3886da3128f5ad217addd5f8?s=60&d=http%3A%2F%2F1.gravatar.com%2Favatar%2Fad516503a11cd5ca435acc9bb6523536%3Fs%3D60&r=G
https://farm4.staticflickr.com/3020/2782762364_32c3e1d912_q_d.jpg
http://www.amarillo.com/images/012110/67623_270.jpg
https://s-media-cache-ec0.pinimg.com/custom_covers/200x150/171840610720885484_1401479301.jpg
http://thewallmachine.com/files/1320229434.jpg
http://www.legendsofhockey.net/LegendsOfHockey/members/splash/B194501S.jpg
http://m.c.lnkd.licdn.com/mpr/mpr/shrinknp_400_400/p/2/000/295/2d4/3b894f6.jpg
http://www.lse.ac.uk/internationalRelations/news/images/Kaya-Zeynep118x140.jpg
http://www.inmemoriam.ca/images/photo_original/307178-charles-charlie-west.jpg
http://www.mirrormist.com/charles.montague.nelson.jpg
http://www.twu.ca/academics/science/chemistry/faculty/paulnew.jpg
