http://www.offshoreenergytoday.com/wp-content/uploads/2015/03/UK-Talisman-Sinopec-names-Managing-Director-664x501.png
http://www.euroline-windows.com/wp-content/uploads/2014/08/PaulWarick-72.png
http://m.c.lnkd.licdn.com/mpr/pub/image-obYwg4FIJ1N2K_PNjg2CcBYdxARAyTqmob2hQPnlx-r-ygoTobYhQOEIx7FgLWsAt6Bs/paul-warwick.jpg
http://m.c.lnkd.licdn.com/mpr/pub/image-JBgoJBNchtC3LYL0L4GuR4CT2pvFJ1Q06BbRROlG2kkAHLr_JBgR0u9c2ZYzHw8V8Bmn/paul-warwick.jpg
http://m.c.lnkd.licdn.com/mpr/pub/image-EHN1Q0fwP506QUXjOVlRhEutRcduAUtKvD2uWr6wRYwPGRV5EHNuWCGwRFiR-nwOjWpz/paul-warwick.jpg
http://www.talisman-energy.com/upload/management/50/01/paul-warwick.jpg
http://www.pilotos-muertos.com/2014/Warwick/Warwick%20Paul_image002.jpg
http://cache.tcm.ie/media/images/p/PaulWarwickMunster.jpg
https://media.licdn.com/mpr/mpr/shrinknp_400_400/AAEAAQAAAAAAAAIdAAAAJGYyMzU2ZTFmLTRiZTItNDUxZS1iZjA3LTE0YWUxMjJhZjIxOA.jpg
http://www.pilotos-muertos.com/2014/Warwick/Warwick%20Paul_image078.jpg
http://upload.wikimedia.org/wikipedia/commons/thumb/e/e3/Paul_Warwick_2012_a.jpg/220px-Paul_Warwick_2012_a.jpg
http://www.offshore-europe.co.uk/__novaimages/426161?q=100&v=635133083911730000&h=162&type=3&w=155
http://www.learningforlife.org.uk/wplife/wp-content/uploads/2010/05/Paul_Warwick.jpg
http://resources2.news.com.au/images/2009/01/28/va1237352194123/Paul-Warwick-rugby-union-6460665.jpg
http://imgmh0.starnow.com/25/2268425_3869156.jpg
http://www.pilotos-muertos.com/2014/Warwick/Warwick%20Paul_image080.jpg
http://www.espnscrum.com/PICTURES/CMS/15300/15337.2.jpg
http://www.ultimaterugby.com/images/entities/32354-988e9c5f2e-3/PaulWarwickrugbyplayer.jpg
http://m.c.lnkd.licdn.com/mpr/pub/image-NQSQvx5o50BxmPkQgFU8eKVZKhbyTgdwCQSqV1ueKgbvht1aNQSq5lqoKWyBC375RCVt/paul-warwick.jpg
http://contendercharlie.com/images/presenters/Paul-Warwick2.jpg
http://www.cityofknoxville.org/kfd/chiefs/warwickpa150.JPG
http://www.pilotos-muertos.com/2014/Warwick/Warwick%20Paul_image076.jpg
http://www.historicracing.com/otd/PaulWarwick.gif
http://www.claremonthighalumnisociety.com/000/5/6/6/12665/yearbook/Paul-Warwick-1955-Claremont-High-School-Alumni-Society-Claremont-CA.jpg
http://www.pilotos-muertos.com/2014/Warwick/Warwick%20Paul_image074.jpg
http://www.sfu.ca/mediapr/files/fall_2006/warwick.jpg
http://imgmh0.starnow.com/83/2097483_3294754.jpg
http://i.eurosport.com/2012/09/12/886307-14871475-128-96.jpg
http://www.solomon-artistes.co.uk/images/warwick_paul.jpg
http://www.sportingmemoriesnetwork.com/silo/images/derek-warwick_203x246.jpg
http://paw.princeton.edu/issues/2013/07/10/sections/memorials/2034/59-Warwick-Paul.jpg
http://instinctif.com/wp-content/uploads/2014/01/WarwickSmith10-desktop.jpg
http://www.sfu.ca/content/sfu/internationalstudies/warwick/_jcr_content/main_content/textimage/image.img.jpg/1331314954116.jpg
http://imagininglaw.wp.st-andrews.ac.uk/files/2013/06/WARWICK-WARWICK-424095869.jpg
http://greswolde.com/blog/wp-content/uploads/2010/01/LizziePaul-41.jpg
http://academic.research.microsoft.com/Photo/34136793.jpg
https://cbsnewyork.files.wordpress.com/2015/07/paul_vandoran_0714.jpg
http://img.skysports.com/09/03/218x298/PaulWilliams_1992805.jpg
http://adn.gpupdate.net/news/204975.jpg
http://upload.wikimedia.org/wikipedia/commons/thumb/c/c4/Derek_Warwick_1982.jpg/220px-Derek_Warwick_1982.jpg
http://www2.warwick.ac.uk/fac/cross_fac/iatl/about/people/staff/taylor/taylor_p.jpg
http://www.educ.cam.ac.uk/images/staff/warwick_paul_sm.jpg
http://nyoobserver.files.wordpress.com/2014/11/web_dionne-warwick_paul_kisselev.jpg
http://www.hittraxmidi.com/artists/paul_carrack.jpg
http://imgmm0.starnow.com/25/2268425_3714371.jpg
http://www.whoslaughingnow.org/wp-content/uploads/2011/06/Paul-Chowdhry-300x300.jpg
http://musiclinernotes.files.wordpress.com/2010/08/dionne-warwick.jpg
http://vhw.tutv.hvimg.com/imagenes/videos/d/e/derek-warwick-raw-racing_imagenGrande1.jpg
http://player.hu/wp-content/uploads/2013/03/Ray-Cokes.jpg
https://tamtam-media.s3.amazonaws.com/2076/2076_003/2076_003_3501_1024.jpeg
