http://media.apnarm.net.au/img/media/images/2010/02/23/Paul_Clitheroe_t460.jpg
http://www.spaceout.com.au/blog/wp-content/uploads/2009/11/paul-clitheroe.jpg
http://www.iceaustralia.com/cmic12/pix/img/pix_Paul_Clitheroe.png
http://www.ipac.com.au/wp-content/uploads/2014/01/paul-clitheroe.png
http://www.australiannetworkentertainment.com/paul_clitheroe.jpg
http://www.riverside.org.uk/images/paul%20clitheroe_v_Variation_3.jpg
http://i.dailymail.co.uk/i/pix/2015/01/13/24A6BA2E00000578-2907695-image-m-48_1421125633267.jpg
http://sydney.edu.au/medicine/foundation/images/council/paul_clitheroe.jpg
https://media.licdn.com/mpr/mpr/shrink_120_120/p/6/000/2ca/16c/0a30a27.jpg
http://www.australianspeaker.com/site/DefaultSite/filesystem/images/speaker-images/speaker_661.jpg
http://images.pitchero.com/ui/391713/1340784063_0.jpg
http://www.ipac.com.au/wp-content/uploads/2013/06/ipacadviser-Paul-Fodgen1.png
http://mcpnew.andykinsey.netdna-cdn.com/wp-content/uploads/2013/01/NADINE328.jpg
http://www.mickcooksonphotography.co.uk/wp-content/uploads/2013/01/NADINE070.jpg
http://www.clitheroeadvertiser.co.uk/webimage/1.6498880.1394789466!/image/3326330150.jpg_gen/derivatives/articleImgDeriv_628px/3326330150.jpg
http://www.boldanddynamic.co.uk/img/cms/david_harley.jpg
http://www.txdps.state.tx.us/mpch_images/final/M0208008.jpg
http://www.ipac.com.au/wp-content/uploads/2013/07/ipacadviser-Linda-Clay.png
http://i2.cdnds.net/12/52/618x458/cult-doctor-who-stamps-8.jpg
http://www.ipac.com.au/wp-content/uploads/2013/07/ipacadviser-Marc-Gratwick.png
http://m.c.lnkd.licdn.com/mpr/pub/image-1LqnOhOKSvlAU7Nq517zjtP4-3vUto9z1L7-xu5H-gRtt-z81Lq-1O7K-bnqnJ2Yo2HP/paul-eastwood.jpg
http://www.ipac.com.au/wp-content/uploads/2013/07/ipacadviser-Mark-Tepoorten.png
http://photos-c.ak.instagram.com/hphotos-ak-ash/10175181_456587457808786_1583564345_n.jpg
http://www.ipac.com.au/wp-content/uploads/2014/12/279048-1214-24826_188x188_John-Molnar.jpg
http://www.ipac.com.au/wp-content/uploads/2013/07/ipacadviser-Jim-Sydes.png
http://www.ipac.com.au/wp-content/uploads/2014/12/279048-1214-24826_188x188_Chris-Cattrall.jpg
http://images.castcall.blue-compass.com.s3.amazonaws.com/portfolioraw/839/839101.jpg
http://www.ipac.com.au/wp-content/uploads/2013/06/ipacadviser-Simon-Hanley.jpg
http://www.ipac.com.au/wp-content/uploads/2013/07/ipacadviser-Chris-Wyeth.png
http://www.ipac.com.au/wp-content/uploads/2013/07/ipacadviser-Graeme-Cowper.png
http://i.dailymail.co.uk/i/pix/2012/02/03/article-2095944-1192C2D8000005DC-180_312x370.jpg
http://www.swalwelluk.co.uk/images/clitheroe.jpg
http://www.ipac.com.au/wp-content/uploads/2013/07/ipacadviser-Peter-Spitzer.png
http://www.qlocal.co.uk/forums/2003/sfc22.jpg
http://www.ipac.com.au/wp-content/uploads/2013/06/ipacadviser-Gary-Chilcott.jpg
http://www.ipac.com.au/wp-content/uploads/2013/06/ipacadviser-Ian-Gallacher.jpg
http://www.ipac.com.au/wp-content/uploads/2013/06/ipacadviser-Greg-Elias1.jpg
http://www.ipac.com.au/wp-content/uploads/2013/07/ipacadviser-Michael-Koch.png
http://www.ipac.com.au/wp-content/uploads/2013/06/ipacadviser-Andre-Parker.jpg
http://www.ipac.com.au/wp-content/uploads/2013/07/ipacadviser-Stephen-Welsh.png
http://www.ipac.com.au/wp-content/uploads/2013/06/ipacadviser-Mark-Urquart.jpg
https://lh3.googleusercontent.com/-EH1prKI2e1s/AAAAAAAAAAI/AAAAAAAAAAA/vh2twSuDVGU/s46-c-k-no/photo.jpg
http://www.ipac.com.au/wp-content/uploads/2013/07/ipacadviser-Andrew-McQuarrie.png
http://www.ipac.com.au/wp-content/uploads/2013/06/ipacadviser-Geoff-Wilson.jpg
http://www.ipac.com.au/wp-content/uploads/2013/06/ipacadviser-Andrew-Reynolds.jpg
http://www.ipac.com.au/wp-content/uploads/2013/06/ipacadviser-Sean-Ryan.jpg
http://www.ipac.com.au/wp-content/uploads/2014/12/279048-1214-24826_188x188_Robyn-Hayward.jpg
http://www.boxingportraits.co.uk/sg_marco-antonio-barerra_content/stuff/picturebox/MAB1_web_622.JPG
http://www.ipac.com.au/wp-content/uploads/2013/06/ipacadviser-Julian-Summers.jpg
http://www.ipac.com.au/wp-content/uploads/2013/06/ipacadviser-Tony-Grech.jpg
