http://www.fantasybookreview.co.uk/blog/wp-content/uploads/2008/09/peter-j-murray-thumb.jpg
http://www.smartvoter.org/2012/11/06/ca/cc/vote/murray_p/murray_p.jpg
http://www.medicine20congress.com/ocs/public/profiles/120.png
http://www.stjude.org/SJFile/hosp-faculty-murray-peter-2014-08.jpg
http://www.newportcepri.iow.sch.uk/sampled/575991/930/0/notbigger
http://www.renlearn.co.uk/wp-content/uploads/2011/04/PJMurray_Book.jpg
http://m.c.lnkd.licdn.com/mpr/pub/image-JLwJ9fTJBTv3Ur9xL18X4Ph00EUct0Ljyl8EuTGM0RUmtCRVJLwEu36J0rLztZAJ2WTr/peter-murray.jpg
http://m.c.lnkd.licdn.com/mpr/pub/image-RQLUH25_Kfw9gOmB_F0lrNVM5mr_CTivrw0ARm_45C1rC3QvRQLA0rq_5NmRCf8Yfw45/peter-murray.jpg
http://peterjmurray.co.uk/wordpress/wp-content/uploads/2010/08/Video-16-00m-00s.jpg
http://lh5.googleusercontent.com/-801GETbcrEE/AAAAAAAAAAI/AAAAAAAACeE/zMj_DndL1NA/photo.jpg
http://m.c.lnkd.licdn.com/mpr/pub/image-J_sRvfCa2Zv3MKnQLXb1ePNUhgYcyLrwyTgoVtFah3S76wSIJ_so5XLahtL-9Sr5boCf/peter-murray.jpg
http://www2.hull.ac.uk/hubs/images/murray_p.jpg
http://www.nicolejmurray.com/wp-content/uploads/2012/08/Peter-Irving-Actor.jpg
https://ebooks-imgs.eb.sonynei.com/ebooks/product/400/000/000/000/000/090/477/400000000000000090477_s4.jpg
http://time2read.org.uk/Images/PJMurray.png
https://lh5.googleusercontent.com/-801GETbcrEE/AAAAAAAAAAI/AAAAAAAACeE/x5EtIbARvBU/s46-c-k-no/photo.jpg
http://www.medicine20congress.com/ocs/public/profiles/thumbs/188.png
http://barlow.byu.edu/wp-content/uploads/bfi_thumb/Peter-McMurray-m40fje5j0badj6ix86swplryace0nst1ch8wdqu718.jpg
http://therealcitizenwilliams.files.wordpress.com/2013/05/peter-north1.jpg
http://d.gr-assets.com/users/1425542993p2/23149236.jpg
https://fbcdn-profile-a.akamaihd.net/hprofile-ak-xpa1/t1.0-1/c0.2.75.75/s50x50/1618486_10201584663568434_688875503_t.jpg
http://m.c.lnkd.licdn.com/mpr/mpr/shrink_60_60/p/2/000/033/05a/0b3d932.jpg
http://www.rootsweb.ancestry.com/~ussnei/OBmurrayWJ.jpg
http://www.thericatholic.com/uploads/flash/1326669438_8220.jpg
http://d202m5krfqbpi5.cloudfront.net/users/1375765984p2/9590888.jpg
http://2.bp.blogspot.com/-TcgZn2J2JRM/UfFVcgaqipI/AAAAAAAACcs/shaDpyUzzTQ/s1600/peter.jpg
https://fbcdn-profile-a.akamaihd.net/hprofile-ak-xfp1/t1.0-1/c27.0.160.160/p160x160/58360_493476404814_1096843_n.jpg
http://d.gr-assets.com/users/1348218354p2/13022433.jpg
http://d.gr-assets.com/users/1432392042p2/23149236.jpg
http://www.bulletin.uwaterloo.ca/images/2005/0405DTAbissonnette.jpg
http://www.medicine20congress.com/ocs/public/profiles/thumbs/3454.png
http://www.launcestonfamilyalbum.org.au/assets/img/photos/1030381_PETER_J_WEB_18.jpg
https://media.licdn.com/mpr/mpr/shrink_60_60/p/2/000/1f2/130/074177f.jpg
http://www.rootsweb.ancestry.com/~ussnei/OBmurrayPJ.jpg
http://wpmedia.ottawacitizen.com/2014/11/ottawa-senators-gm-bryan-murray-addresses-the-media-on-the-j1.jpg?w=1000
http://ghostbustersnews.com/wp-content/uploads/2010/10/murray_return.jpg
http://d2dzik4ii1e1u6.cloudfront.net/images/lexology/author/3580/W48/H65/20101108144055/Christopher_Murray.jpg
https://os-up.de/uploads/filme/actors_photos/nm0614887.jpg
http://www.fantomfilms.co.uk/events/previous/reavenging/guest_peterjelliot.jpg
http://www.rootsweb.ancestry.com/~ussnei/OBmurrayEJ.jpg
http://img.icyshark.com/images/how-i-feel-interviewing-in-the-current-j.jpg
http://www.rootsweb.ancestry.com/~wimarine/images/polomis.jpg
http://www.giffenlawyers.com/~uploads/pages/image/Peter.jpg
http://2.bp.blogspot.com/-_UccdaAfWy0/TfvdjF0CMSI/AAAAAAAAxYo/F9ajkgTQNrs/s1600/ht_jk_rowling_090715_mn.jpg
http://www.icelebsdb.com/CelebImages/5/42521/Images/Image_9.jpg
http://www.murrayewing.co.uk/mewsings/wp-content/uploads/2013/01/J-M-Barrie.jpg
http://media-cache-ak0.pinimg.com/736x/71/9f/2e/719f2efb8a36ade0cf1681bf38404fda.jpg
http://www.rootsweb.ancestry.com/~ussnei/OBmurrayJ.jpg
http://www.mysterieuxetonnants.com/wp-content/uploads/2010/07/Bill_Murray.jpg
http://d2dzik4ii1e1u6.cloudfront.net/images/lexology/author/1324/W48/H65/20101108144055/Brian_J_Murray.jpg
