http://expressionscasting.co.uk/wp-content/gallery/adult-male/francis-philip.jpg
http://expressionscasting.co.uk/wp-content/gallery/adult-male/phillip-francis.jpg
http://hd.housedivided.dickinson.edu/files/images/HD_thomasPF1_0.jpg
http://www.davebrady.co.uk/photos/family%20members/UPDATED%20PHOTOS/02%20Brady.%20Francis.jpg
http://static.wixstatic.com/media/bb602b_6b5cfc783c700c4cd71e31c994250c78.jpg_256
http://expressionscasting.co.uk/wp-content/gallery/adult-male/brady-daren.jpg
http://ww.soapcentral.com/days/images/sq/harlow_jade.jpg
http://i.prphotos.com/i/DGG-003021/Philip-Winchester-Thunderbirds-Los-Angeles-Premiere---Arrivals.jpg
http://expressionscasting.co.uk/wp-content/gallery/adult-male/wisniewski-michael.jpg
http://i.prphotos.com/i/DGG-003022/Philip-Winchester-Thunderbirds-Los-Angeles-Premiere---Arrivals.jpg
http://expressionscasting.co.uk/wp-content/gallery/adult-male/kirk-jay.jpg
http://wakemugshots.com/wp-content/uploads/2014/11/{006B0D3A-96E6-437C-BA21-722B24F79A1A}.0-190x290.jpg
http://expressionscasting.co.uk/wp-content/gallery/adult-male/sonny-callon.jpg
http://expressionscasting.co.uk/wp-content/gallery/adult-male/corey-heath-1.jpg
http://expressionscasting.co.uk/wp-content/gallery/adult-male/Nathan-Whatton.jpg
http://expressionscasting.co.uk/wp-content/gallery/adult-male/Freddie-Merrywdown.jpg
http://www.zdo.ro/poze/zdo_articole/3407mare.jpg
http://expressionscasting.co.uk/wp-content/gallery/adult-male/choat-george.jpg
http://static.tvgcdn.net/MediaBin/Galleries/Celebrities/K_L/Kq_Kz/Kyle_Brandt/kyle-brandt_thumb.jpg
http://www.ahs64-alumni.com/AHS64/Brady_Cheryl.jpeg
http://expressionscasting.co.uk/wp-content/gallery/adult-male/webster-anthony.jpg
http://expressionscasting.co.uk/wp-content/gallery/adult-male/Graham-Cawte.jpg
http://ak-cache.legacy.com/legacy/images/Cobrands/STLToday/Photos/1648752_0_G1648752_001646.jpg
http://expressionscasting.co.uk/wp-content/gallery/adult-male/alexander_455x567.jpg
http://expressionscasting.co.uk/wp-content/gallery/adult-male/wood-paul-richard.jpg
http://www.extratime.ie/media/extratime/images/players/phughes.jpg
http://expressionscasting.co.uk/wp-content/gallery/adult-male/nicholas-tulloch.jpg
http://expressionscasting.co.uk/wp-content/gallery/adult-male/jon-tobias.jpg
http://i.prphotos.com/i/DGG-003058/Sean-Carrigan-Thunderbirds-Los-Angeles-Premiere---Arrivals.jpg
http://boe.mars.k12.wv.us/MHS_Class_of_1962/JerryFrancisYBPix-1.jpg
http://expressionscasting.co.uk/wp-content/gallery/adult-male/richard-banks-2.jpg
http://linton-research-fund-inc.com/images/george_ross._1873_oil_painting_by_philip_fishbourne_wharton_after_benjamin_west._407x500.jpg
http://expressionscasting.co.uk/wp-content/gallery/adult-male/mallinder-daniel.jpg
http://expressionscasting.co.uk/wp-content/gallery/adult-male/heath-corey.jpg
http://expressionscasting.co.uk/wp-content/gallery/adult-male/sawyer-al.jpg
http://expressionscasting.co.uk/wp-content/gallery/adult-male/porter-michael.jpg
http://expressionscasting.co.uk/wp-content/gallery/adult-male/lamintamba3480a.jpg
http://expressionscasting.co.uk/wp-content/gallery/adult-male/luca-ribezzo.jpg
http://img2.findthebest.com/sites/default/files/533/media/images/t2/Harold_Shipman_25327.jpg
http://1.bp.blogspot.com/-2NdLs6Mtp0Q/VK9UBaG5WjI/AAAAAAAAZSQ/Y9rCKiHUkd0/s1600/8%2BRIP%2BBecker.jpg
http://expressionscasting.co.uk/wp-content/gallery/adult-male/calabretta-fracesco2.jpg
http://expressionscasting.co.uk/wp-content/gallery/adult-male/Jon-Birkbeck.jpg
http://expressionscasting.co.uk/wp-content/gallery/adult-male/Gurpreet-Sidhu-1.jpg
http://expressionscasting.co.uk/wp-content/gallery/adult-male/clarricoates-jamie.jpg
http://expressionscasting.co.uk/wp-content/gallery/adult-male/kray-fulton-smith-2.jpg
http://expressionscasting.co.uk/wp-content/gallery/adult-male/binning-avtar.jpg
http://static.tvgcdn.net/MediaBin/Galleries/Celebrities/J/Jas_Jd/Jay%20Kenneth%20Johnson/jay-kenneth-johnson_thumb.jpg
http://expressionscasting.co.uk/wp-content/gallery/adult-male/liam-edwards.jpg
http://expressionscasting.co.uk/wp-content/gallery/adult-male/image.jpg
http://www.ppimhs.org/themes/site_themes/ppi/images/uploads/david-zug-new.jpg
