http://www.pomona.edu/news/2013/11/images/katherine-hagedorn-large.jpg
http://www.mtsu.edu/music/faculty/images/dent.gif
http://www.josephfranktenor.com/Images/Web%20Size/frank-publicity-BEST.jpg
http://www.brandeis.edu/now/2013/may/images/shapero-220x330.jpg
https://www.iwu.edu/music/faculty/CookHeadshot2012.JPG
http://www.northpark.edu/Academics/School-of-Music/Faculty-and-Staff/Meet-the-Faculty/~/media/Images/Academic%20Programs/Undergrad/Music/Faculty/TerreeShofnerEmerichTall.jpg
http://music.msu.edu/assets/faculty-photos/Taggart_C.h.jpg
http://www.music.msu.edu/assets/faculty-photos/DSC_3789-1.jpg
http://www.britac.ac.uk/cmsfiles/assets/10558.jpg
http://satkinson.files.wordpress.com/2014/08/headshot_medium.jpg
http://d20eq91zdmkqd.cloudfront.net/assets/images/book/large/9780/1951/9780195182644.jpg
http://music.ucsc.edu/sites/default/files/imagecache/scale-and-crop_163w-by-243h/Hi%20Kyung.png
http://www.dallasnews.com/incoming/20131225-joyce-yang.jpg.ece/ALTERNATES/w130h200/Joyce+Yang.JPG
https://www.iwu.edu/music/faculty/images/WestBill.jpg
http://www.utas.edu.au/__data/assets/image/0009/691758/z_Kit_Wise_portrait.png
http://www.calstatela.edu/sites/default/files/academic/musictheatredance/images/BelanSuit%20in%20B-W.jpg
http://music.msu.edu/assets/faculty-photos/Palac.h.jpg
http://www2.lawrence.edu/fast/BIRINGEG/Images/gb-october_2010.jpeg
http://music.msu.edu/assets/faculty-photos/Newman,_Ronal_uncr_377_535_c1.jpg
http://music.fsu.edu/var/ezwebin_site/storage/images/college-of-music/faculty-and-staff/faculty/jane-clendinning/73547-1-eng-US/Jane-Clendinning_small.jpg
http://www.northpark.edu/Academics/School-of-Music/Meet-the-Faculty/~/media/Images/Academic%20Programs/Undergrad/Music/Faculty/RebeccaRyanTall.jpg
http://www.northpark.edu/Academics/School-of-Music/Faculty-and-Staff/~/media/Images/Academic%20Programs/Undergrad/Music/Faculty/CraigJohnson.ashx
http://www.euroarts.co.kr/images/professor/music_prof_arneson.jpg
http://music.pages.tcnj.edu/files/2011/04/mcmahan.jpg
http://wp.music.lsu.edu/wp-content/uploads/2012/10/James-Byo-Fall2013.jpg
http://www.sas.upenn.edu/music/sites/www.sas.upenn.edu.music/files/imagecache/content-image/foto%20Mauro%20Calcagno.jpg
http://blogs.music.indiana.edu/education/files/2014/08/Madura.jpg
http://www.music.msu.edu/assets/faculty-photos/robinsonbio.jpg
http://www.wwu.edu/music/images/guelkercone.jpg
http://honors.syr.edu/wp-content/uploads/2013/11/waggoner-300x300.png
http://pvac-webhost2.leeds.ac.uk/music/files/2013/06/richard_rastall2.jpg
http://media.news.harvard.edu/gazette/wp-content/uploads/2009/07/11-czernowin.jpg
http://music.columbia.edu/files/flyers/steege_photo_for_web.jpg
http://pvac-webhost2.leeds.ac.uk/music/files/2012/07/DC1.jpg
http://www.tamuk.edu/artsci/music/faculty_staff/khile.jpg
http://blogs.music.indiana.edu/estelle-jorgensen/files/2010/09/1068.jpg
http://music.msu.edu/assets/faculty-photos/Callahan_Michael.jpg
http://www.uni.edu/music/sites/default/files/styles/uni_directory_node/public/profiles/photos/droe.jpg?itok=-2wo409-
http://apps.sebts.edu/Photos/000204443.jpg
http://www2.csp.edu/music/Images/carolynne_staff_pict.jpg
http://music.unc.edu/files/2014/12/fauser2.jpg
http://facweb.furman.edu/~jbeckfor/beckford.jpg
http://music.msu.edu/assets/faculty-photos/Taggart%2C_Bruce.jpg
http://media-cache-ec0.pinimg.com/736x/45/e1/98/45e198fc511217248721b5cf802d0eaf.jpg
http://www.latech.edu/performingarts/music/music_faculty/graphics/moegle2.jpg
http://www.fullerton.edu/arts/images/Music/Faculty/Siebenaler.jpg
http://ww4.austin.utexas.edu/bsom/getFile/image.aspx?id=54
http://www.etsu.edu/cas/music/pictures/caton_ben.jpg
http://www.pitt.edu/~musicdpt/images/photos/fac-euba.jpg
http://www.goshen.edu/news/pressarchive/photos/07_Lapp_Bev.jpg
