http://www.magweb.com/picts/nm1085161.jpg
http://static2.wikia.nocookie.net/__cb20120327071148/almightyjohnsons/images/3/38/Shanecorteseprofile.jpg
http://www.nothingtrivial.co.nz/wp-content/uploads/2011/07/NT-Shane-Cortese-as-Mac_047.jpg
http://www.mdmusic.co.nz/LrgImages/shaneCortese.jpg
http://www.icelebsdb.com/CelebImages/2/12339/Images/Image_2.jpg
http://www.actors.co.nz/clientdocuments/48/images/thumbnail/48_1_300.jpg?1774268720
http://www.nothingtrivial.co.nz/wp-content/uploads/2011/07/NT-Shane-Cortese-as-Mac_041.jpg
http://www.listener.co.nz/wp-content/uploads/2011/07/Trivial1.jpg
http://www.icelebsdb.com/CelebImages/2/12339/Images/Image_0.jpg
http://2.bp.blogspot.com/-zxB58Ay6Z6g/UXhL-jEZ84I/AAAAAAAAMiA/3i4gAg4Aut0/s1600/Shane+Cortese+24.jpg
http://media-cache-ec0.pinimg.com/736x/fc/54/76/fc5476183685c5ac4804e5a5e5d0f6a7.jpg
http://www.actors.co.nz/clientdocuments/48/images/thumbnail/48_4_300.jpg?1625136318
http://www.thebigidea.co.nz/files/imagecache/display/images/ScreenTalk_ShaneCortese.jpg
http://www.speakerlink.co.nz/images/adminimages/gallery/423_Shane_Cortese.png
http://charena.com.au/wordpress/wp-content/uploads/2014/05/shane_cortese_portrait-200x300.jpg
http://www.nothingtrivial.co.nz/wp-content/uploads/2011/07/NT-Shane-Cortese-as-Mac_053.jpg
http://tanithsjosephsite2.homestead.com/files/shane.gif
http://images.tvnz.co.nz/tvnz_images/tvone/programmes/nothing_trivial/mac-wall-e4.jpg
http://m.c.lnkd.licdn.com/mpr/mpr/shrink_60_60/p/6/005/067/3b3/14e450a.jpg
http://scifiandtvtalk.typepad.com/.a/6a01348361f24a970c01b7c7218012970b-320wi
http://www.nothingtrivial.co.nz/wp-content/uploads/2011/07/mac-series2.jpg
http://static2.stuff.co.nz/1236038659/380/1993380.jpg
http://static.stuff.co.nz/files/shane
http://sharetv.org/images/person/shane_cortese.jpg
http://static2.stuff.co.nz/1278665756/833/3904833.jpg
http://www.telefilmzone.it/imgImmagini/Attori/ShaneCortese/sheane2.jpg
http://img4.bdbphotos.com/images/120x156/1/6/16j4z5804s6j60j8.jpg?skj2io4l
http://static2.stuff.co.nz/1293908435/774/4507774.jpg
http://images.tvrage.com/people/119/356748.jpg#Stas+Pyekha
http://www.alliancewake.com/wp-content/uploads/2015/03/WPTC_MWC_20150327_1006_Cortese.jpg
http://actors.co.nz/clientdocuments/3530/images/thumbnail/3530_2_300.jpg
http://upload.wikimedia.org/wikipedia/en/thumb/0/09/Dom_thompson.jpg/200px-Dom_thompson.jpg
http://media.tumblr.com/b69d5a7c4a406abcad06b31125e2c949/tumblr_inline_n2pk4q1eMw1sa8qs5.jpg
http://www.actors.co.nz/clientdocuments/31/images/thumbnail/31_1_300.jpg?906494426
http://www.abc.net.au/news/image/3710968-3x2-940x627.jpg
http://images.tvnz.co.nz/tvnz_images/tv2/programmes/shortland_street/dom_victor_d.jpg
http://m.c.lnkd.licdn.com/mpr/mpr/shrink_80_80/p/3/000/0cd/2d8/03d5bac.jpg
http://tanithsjosephsite.homestead.com/files/newdeanmaynard_op_480x600.jpg
http://www.starnow.com/images/member/07/profile/headshot/1275907_5200295.jpg
http://www.outrageousfortune.co.nz/wp-content/uploads/2009/05/Hayden-7-120x120.jpg
https://fbcdn-profile-a.akamaihd.net/hprofile-ak-xpa1/t1.0-1/c0.0.160.160/p160x160/207767_10152221048501913_935746919_n.jpg
http://www.actors.co.nz/clientdocuments/2590/images/thumbnail/2590_1_300.jpg?2023921210
http://www.icelebsdb.com/CelebImages/7/63332/Images/Image_3.jpg
http://charena.com.au/wordpress/wp-content/uploads/2013/04/andy_headshot.jpg
http://images3.wikia.nocookie.net/__cb20100719044954/outrageous/images/thumb/4/4f/Pascalle.jpg/399px-Pascalle.jpg
http://www.actors.co.nz/clientdocuments/58/images/thumbnail/58_1_300.jpg?644723073
http://www.actors.co.nz/clientdocuments/17/images/thumbnail/17_3_300.jpg?922457929
http://johnsonlaird.com/assets/images/1402/1402_profile4_lg.jpg
http://www.actors.co.nz/clientdocuments/6/images/thumbnail/6_1_300.jpg?650241815
http://3.bp.blogspot.com/-tczMnyauGIM/UTd_dBo5rhI/AAAAAAAAGHE/v6oB3Ql-EHA/s1600/Damien+Lewis+30.jpg
